"mountain_img_id","mountain_img_url","mountain_id"
1,www.forest.go.kr/images/data/down/mountain/20000317_3.jpg,143
2,www.forest.go.kr/images/data/down/mountain/20000317_1.jpg,143
3,www.forest.go.kr/images/data/down/mountain/20000317_2.jpg,143
4,www.forest.go.kr/images/data/down/mountain/20000155_3.jpg,124
5,www.forest.go.kr/images/data/down/mountain/20000155_2.jpg,124
6,www.forest.go.kr/images/data/down/mountain/20000155_1.jpg,124
7,www.forest.go.kr/images/data/down/mountain/20000059_3.jpg,108
8,www.forest.go.kr/images/data/down/mountain/20000059_1.jpg,108
9,www.forest.go.kr/images/data/down/mountain/20000059_2.jpg,108
10,www.forest.go.kr/images/data/down/mountain/20000094_2.jpg,113
11,www.forest.go.kr/images/data/down/mountain/20000094_1.jpg,113
12,www.forest.go.kr/images/data/down/mountain/20000651_2.jpg,185
13,www.forest.go.kr/images/data/down/mountain/20000651_3.jpg,185
14,www.forest.go.kr/images/data/down/mountain/20000651_1.jpg,185
15,www.forest.go.kr/images/data/down/mountain/20000329_3.jpg,144
16,www.forest.go.kr/images/data/down/mountain/20000329_1.jpg,144
17,www.forest.go.kr/images/data/down/mountain/20000329_2.jpg,144
18,www.forest.go.kr/images/data/down/mountain/20000171_3.jpg,127
19,www.forest.go.kr/images/data/down/mountain/20000171_2.jpg,127
20,www.forest.go.kr/images/data/down/mountain/20000171_1.jpg,127
21,www.forest.go.kr/images/data/down/mountain/20000012_3.jpg,102
22,www.forest.go.kr/images/data/down/mountain/20000012_2.jpg,102
23,www.forest.go.kr/images/data/down/mountain/20000012_1.jpg,102
24,www.forest.go.kr/images/data/down/mountain/20000422_1.jpg,153
25,www.forest.go.kr/images/data/down/mountain/20000422_2.jpg,153
26,www.forest.go.kr/images/data/down/mountain/20000398_1.jpg,151
27,www.forest.go.kr/images/data/down/mountain/20000398_2.jpg,151
28,www.forest.go.kr/images/data/down/mountain/20000597_1.jpg,175
29,www.forest.go.kr/images/data/down/mountain/20000597_2.jpg,175
30,www.forest.go.kr/images/data/down/mountain/20000024_3.jpg,103
31,www.forest.go.kr/images/data/down/mountain/20000024_2.jpg,103
32,www.forest.go.kr/images/data/down/mountain/20000024_1.jpg,103
33,www.forest.go.kr/images/data/down/mountain/20000279_3.jpg,141
34,www.forest.go.kr/images/data/down/mountain/20000279_4.jpg,141
35,www.forest.go.kr/images/data/down/mountain/20000279_1.jpg,141
36,www.forest.go.kr/images/data/down/mountain/20000279_2.jpg,141
37,www.forest.go.kr/images/data/down/mountain/20000218_3.jpg,130
38,www.forest.go.kr/images/data/down/mountain/20000218_1.jpg,130
39,www.forest.go.kr/images/data/down/mountain/20000218_2.jpg,130
40,www.forest.go.kr/images/data/down/mountain/20000623_2.jpg,180
41,www.forest.go.kr/images/data/down/mountain/20000623_1.jpg,180
42,www.forest.go.kr/images/data/down/mountain/20000679_1.jpg,189
43,www.forest.go.kr/images/data/down/mountain/20000476_1.jpg,157
44,www.forest.go.kr/images/data/down/mountain/B_M0004_3.jpg,99
45,www.forest.go.kr/images/data/down/mountain/B_M0004_2.jpg,99
46,www.forest.go.kr/images/data/down/mountain/B_M0004_1.jpg,99
47,www.forest.go.kr/images/data/down/mountain/20000702_1.jpg,145
48,www.forest.go.kr/images/data/down/mountain/20000702_2.jpg,145
49,www.forest.go.kr/images/data/down/mountain/20000456_2.jpg,156
50,www.forest.go.kr/images/data/down/mountain/20000456_1.jpg,156
51,www.forest.go.kr/images/data/down/mountain/20000628_2.jpg,181
52,www.forest.go.kr/images/data/down/mountain/20000628_3.jpg,181
53,www.forest.go.kr/images/data/down/mountain/20000628_4.jpg,181
54,www.forest.go.kr/images/data/down/mountain/20000628_1.jpg,181
55,www.forest.go.kr/images/data/down/mountain/20000149_2.jpg,122
56,www.forest.go.kr/images/data/down/mountain/20000149_1.jpg,122
57,www.forest.go.kr/images/data/down/mountain/20000638_2.jpg,183
58,www.forest.go.kr/images/data/down/mountain/20000638_3.jpg,183
59,www.forest.go.kr/images/data/down/mountain/20000638_1.jpg,183
60,www.forest.go.kr/images/data/down/mountain/20000167_3.jpg,126
61,www.forest.go.kr/images/data/down/mountain/20000167_2.jpg,126
62,www.forest.go.kr/images/data/down/mountain/20000167_1.jpg,126
63,www.forest.go.kr/images/data/down/mountain/20000058_1.jpg,107
64,www.forest.go.kr/images/data/down/mountain/20000058_2.jpg,107
65,www.forest.go.kr/images/data/down/mountain/20000652_2.jpg,186
66,www.forest.go.kr/images/data/down/mountain/20000652_1.jpg,186
67,www.forest.go.kr/images/data/down/mountain/20000043_2.jpg,106
68,www.forest.go.kr/images/data/down/mountain/20000043_1.jpg,106
69,www.forest.go.kr/images/data/down/mountain/20000803_1.jpg,184
70,www.forest.go.kr/images/data/down/mountain/20000263_3.jpg,137
71,www.forest.go.kr/images/data/down/mountain/20000263_1.jpg,137
72,www.forest.go.kr/images/data/down/mountain/20000263_2.jpg,137
73,www.forest.go.kr/images/data/down/mountain/20000006_1.jpg,100
74,www.forest.go.kr/images/data/down/mountain/20001076_1.jpg,140
75,www.forest.go.kr/images/data/down/mountain/20001076_2.jpg,140
76,www.forest.go.kr/images/data/down/mountain/20000217_3.jpg,129
77,www.forest.go.kr/images/data/down/mountain/20000217_4.jpg,129
78,www.forest.go.kr/images/data/down/mountain/20000217_5.jpg,129
79,www.forest.go.kr/images/data/down/mountain/20000217_1.jpg,129
80,www.forest.go.kr/images/data/down/mountain/20000217_2.jpg,129
81,www.forest.go.kr/images/data/down/mountain/20000484_1.jpg,158
82,www.forest.go.kr/images/data/down/mountain/20000484_2.jpg,158
83,www.forest.go.kr/images/data/down/mountain/20001321_1.jpg,118
84,www.forest.go.kr/images/data/down/mountain/20000262_3.jpg,136
85,www.forest.go.kr/images/data/down/mountain/20000262_1.jpg,136
86,www.forest.go.kr/images/data/down/mountain/20000262_2.jpg,136
87,www.forest.go.kr/images/data/down/mountain/20000553_1.jpg,168
88,www.forest.go.kr/images/data/down/mountain/20000553_2.jpg,168
89,www.forest.go.kr/images/data/down/mountain/20000386_3.jpg,148
90,www.forest.go.kr/images/data/down/mountain/20000386_5.jpg,148
91,www.forest.go.kr/images/data/down/mountain/20000386_6.jpg,148
92,www.forest.go.kr/images/data/down/mountain/20000386_4.jpg,148
93,www.forest.go.kr/images/data/down/mountain/20000386_1.jpg,148
94,www.forest.go.kr/images/data/down/mountain/20000386_2.jpg,148
95,www.forest.go.kr/images/data/down/mountain/20000091_3.jpg,111
96,www.forest.go.kr/images/data/down/mountain/20000091_2.jpg,111
97,www.forest.go.kr/images/data/down/mountain/20000091_1.jpg,111
98,www.forest.go.kr/images/data/down/mountain/20000505_3.jpg,162
99,www.forest.go.kr/images/data/down/mountain/20000505_5.jpg,162
100,www.forest.go.kr/images/data/down/mountain/20000505_4.jpg,162
101,www.forest.go.kr/images/data/down/mountain/20000505_1.jpg,162
102,www.forest.go.kr/images/data/down/mountain/20000505_2.jpg,162
103,www.forest.go.kr/images/data/down/mountain/20000399_3.jpg,152
104,www.forest.go.kr/images/data/down/mountain/20000399_5.jpg,152
105,www.forest.go.kr/images/data/down/mountain/20000399_4.jpg,152
106,www.forest.go.kr/images/data/down/mountain/20000399_1.jpg,152
107,www.forest.go.kr/images/data/down/mountain/20000399_2.jpg,152
108,www.forest.go.kr/images/data/down/mountain/20000606_1.jpg,177
109,www.forest.go.kr/images/data/down/mountain/20000606_2.jpg,177
110,www.forest.go.kr/images/data/down/mountain/20000699_1.jpg,195
111,www.forest.go.kr/images/data/down/mountain/20000397_3.jpg,150
112,www.forest.go.kr/images/data/down/mountain/20000397_5.jpg,150
113,www.forest.go.kr/images/data/down/mountain/20000397_4.jpg,150
114,www.forest.go.kr/images/data/down/mountain/20000397_1.jpg,150
115,www.forest.go.kr/images/data/down/mountain/20000397_2.jpg,150
116,www.forest.go.kr/images/data/down/mountain/20000040_3.jpg,105
117,www.forest.go.kr/images/data/down/mountain/20000040_6.jpg,105
118,www.forest.go.kr/images/data/down/mountain/20000040_4.jpg,105
119,www.forest.go.kr/images/data/down/mountain/20000040_5.jpg,105
120,www.forest.go.kr/images/data/down/mountain/20000040_2.jpg,105
121,www.forest.go.kr/images/data/down/mountain/20000040_1.jpg,105
122,www.forest.go.kr/images/data/down/mountain/20000370_1.jpg,146
123,www.forest.go.kr/images/data/down/mountain/20000629_2.jpg,182
124,www.forest.go.kr/images/data/down/mountain/20000629_1.jpg,182
125,www.forest.go.kr/images/data/down/mountain/20000143_2.jpg,120
126,www.forest.go.kr/images/data/down/mountain/20000143_1.jpg,120
127,www.forest.go.kr/images/data/down/mountain/20000112_3.jpg,116
128,www.forest.go.kr/images/data/down/mountain/20000112_2.jpg,116
129,www.forest.go.kr/images/data/down/mountain/20000112_1.jpg,116
130,www.forest.go.kr/images/data/down/mountain/20000219_3.jpg,131
131,www.forest.go.kr/images/data/down/mountain/20000219_1.jpg,131
132,www.forest.go.kr/images/data/down/mountain/20000219_2.jpg,131
133,www.forest.go.kr/images/data/down/mountain/20000176_3.jpg,128
134,www.forest.go.kr/images/data/down/mountain/20000176_2.jpg,128
135,www.forest.go.kr/images/data/down/mountain/20000176_1.jpg,128
136,www.forest.go.kr/images/data/down/mountain/20000495_1.jpg,161
137,www.forest.go.kr/images/data/down/mountain/20000495_2.jpg,161
138,www.forest.go.kr/images/data/down/mountain/20000144_3.jpg,121
139,www.forest.go.kr/images/data/down/mountain/20000144_2.jpg,121
140,www.forest.go.kr/images/data/down/mountain/20000144_1.jpg,121
141,www.forest.go.kr/images/data/down/mountain/20000548_1.jpg,167
142,www.forest.go.kr/images/data/down/mountain/20000548_2.jpg,167
143,www.forest.go.kr/images/data/down/mountain/20000543_3.jpg,165
144,www.forest.go.kr/images/data/down/mountain/20000543_1.jpg,165
145,www.forest.go.kr/images/data/down/mountain/20000543_2.jpg,165
146,www.forest.go.kr/images/data/down/mountain/20000028_2.jpg,104
147,www.forest.go.kr/images/data/down/mountain/20000028_1.jpg,104
148,www.forest.go.kr/images/data/down/mountain/20000261_3.jpg,135
149,www.forest.go.kr/images/data/down/mountain/20000261_1.jpg,135
150,www.forest.go.kr/images/data/down/mountain/20000261_2.jpg,135
151,www.forest.go.kr/images/data/down/mountain/20000383_3.jpg,147
152,www.forest.go.kr/images/data/down/mountain/20000383_1.jpg,147
153,www.forest.go.kr/images/data/down/mountain/20000383_2.jpg,147
154,www.forest.go.kr/images/data/down/mountain/20000559_1.jpg,169
155,www.forest.go.kr/images/data/down/mountain/20000559_2.jpg,169
156,www.forest.go.kr/images/data/down/mountain/20000281_3.jpg,139
157,www.forest.go.kr/images/data/down/mountain/20000281_1.jpg,139
158,www.forest.go.kr/images/data/down/mountain/20000281_2.jpg,139
159,www.forest.go.kr/images/data/down/mountain/20000622_2.jpg,179
160,www.forest.go.kr/images/data/down/mountain/20000622_1.jpg,179
161,www.forest.go.kr/images/data/down/mountain/20000654_2.jpg,187
162,www.forest.go.kr/images/data/down/mountain/20000654_1.jpg,187
163,www.forest.go.kr/images/data/down/mountain/20000591_3.jpg,174
164,www.forest.go.kr/images/data/down/mountain/20000591_4.jpg,174
165,www.forest.go.kr/images/data/down/mountain/20000591_1.jpg,174
166,www.forest.go.kr/images/data/down/mountain/20000591_2.jpg,174
167,www.forest.go.kr/images/data/down/mountain/20000507_3.jpg,163
168,www.forest.go.kr/images/data/down/mountain/20000507_1.jpg,163
169,www.forest.go.kr/images/data/down/mountain/20000507_2.jpg,163
170,www.forest.go.kr/images/data/down/mountain/20000165_3.jpg,125
171,www.forest.go.kr/images/data/down/mountain/20000165_2.jpg,125
172,www.forest.go.kr/images/data/down/mountain/20000165_1.jpg,125
173,www.forest.go.kr/images/data/down/mountain/20000276_1.jpg,138
174,www.forest.go.kr/images/data/down/mountain/20001254_3.jpg,114
175,www.forest.go.kr/images/data/down/mountain/20001254_2.jpg,114
176,www.forest.go.kr/images/data/down/mountain/20001254_1.jpg,114
177,www.forest.go.kr/images/data/down/mountain/20000092_2.jpg,112
178,www.forest.go.kr/images/data/down/mountain/20000092_1.jpg,112
179,www.forest.go.kr/images/data/down/mountain/20000138_3.jpg,119
180,www.forest.go.kr/images/data/down/mountain/20000138_2.jpg,119
181,www.forest.go.kr/images/data/down/mountain/20000138_1.jpg,119
182,www.forest.go.kr/images/data/down/mountain/20000575_1.jpg,171
183,www.forest.go.kr/images/data/down/mountain/20000575_2.jpg,171
184,www.forest.go.kr/images/data/down/mountain/20000573_3.jpg,170
185,www.forest.go.kr/images/data/down/mountain/20000573_4.jpg,170
186,www.forest.go.kr/images/data/down/mountain/20000573_1.jpg,170
187,www.forest.go.kr/images/data/down/mountain/20000573_2.jpg,170
188,www.forest.go.kr/images/data/down/mountain/20000492_1.jpg,159
189,www.forest.go.kr/images/data/down/mountain/20000009_2.jpg,101
190,www.forest.go.kr/images/data/down/mountain/20000009_1.jpg,101
191,www.forest.go.kr/images/data/down/mountain/20000613_1.jpg,178
192,www.forest.go.kr/images/data/down/mountain/20000613_2.jpg,178
193,www.forest.go.kr/images/data/down/mountain/20000389_3.jpg,149
194,www.forest.go.kr/images/data/down/mountain/20000389_1.jpg,149
195,www.forest.go.kr/images/data/down/mountain/20000389_2.jpg,149
196,www.forest.go.kr/images/data/down/mountain/20000227_1.jpg,133
197,www.forest.go.kr/images/data/down/mountain/20000242_1.jpg,134
198,www.forest.go.kr/images/data/down/mountain/20001322_1.jpg,173
199,www.forest.go.kr/images/data/down/mountain/20000545_1.jpg,166
200,www.forest.go.kr/images/data/down/mountain/20000545_2.jpg,166
201,www.forest.go.kr/images/data/down/mountain/20000681_2.jpg,190
202,www.forest.go.kr/images/data/down/mountain/20000681_1.jpg,190
203,www.forest.go.kr/images/data/down/mountain/20000451_1.jpg,154
204,www.forest.go.kr/images/data/down/mountain/20000451_2.jpg,154
205,www.forest.go.kr/images/data/down/mountain/20000934_2.jpg,110
206,www.forest.go.kr/images/data/down/mountain/20000934_1.jpg,110
207,www.forest.go.kr/images/data/down/mountain/20000946_3.jpg,172
208,www.forest.go.kr/images/data/down/mountain/20000946_1.jpg,172
209,www.forest.go.kr/images/data/down/mountain/20000946_2.jpg,172
210,www.forest.go.kr/images/data/down/mountain/20000686_1.jpg,192
211,www.forest.go.kr/images/data/down/mountain/20000684_2.jpg,191
212,www.forest.go.kr/images/data/down/mountain/20000684_1.jpg,191
213,www.forest.go.kr/images/data/down/mountain/20000661_2.jpg,188
214,www.forest.go.kr/images/data/down/mountain/20000661_5.jpg,188
215,www.forest.go.kr/images/data/down/mountain/20000661_6.jpg,188
216,www.forest.go.kr/images/data/down/mountain/20000661_3.jpg,188
217,www.forest.go.kr/images/data/down/mountain/20000661_4.jpg,188
218,www.forest.go.kr/images/data/down/mountain/20000661_1.jpg,188
219,https://devin.aks.ac.kr/image/16c7143a-8e46-4f92-a606-2840b3039c1a?preset=orig,115
220,https://www.sd.go.kr/site/tour/images/contents/cts1890_img.jpg,164
221,https://devin.aks.ac.kr/image/93d3dd0f-c24e-4be7-a4a1-c97ab23649b1?preset=orig,155
222,https://yangsan.grandculture.net/Image?localName=yangsan&id=GC014P0982&t=middle,176
223,https://devin.aks.ac.kr/image/819e0cf6-be7b-4440-92f9-4b79b9d8b55e?preset=orig,193
224,https://www.forest.go.kr/kfsweb/cmm/fms/getImage.do?atchFileId=FILE_000000000423618&fileSn=2,109
225,https://devin.aks.ac.kr/image/7f81edf6-6e3a-4d94-a119-1836d6e13e56?preset=orig,142
226,https://devin.aks.ac.kr/image/dedd3423-4b2d-4d27-8250-b3b4cf6b2a75?preset=orig,132
227,https://devin.aks.ac.kr/image/1392c688-ecb0-4f02-ac6b-eada2599454a?preset=orig,132
228,https://devin.aks.ac.kr/image/5268630c-3448-4bf6-b2b1-ffb2f50fa0e9?preset=orig,132
230,https://yangju.grandculture.net/Image?localName=yangju&id=GC043P6257&t=middle,123
231,https://devin.aks.ac.kr/image/4663fba1-07bc-44b2-88bb-ef5584abc0db?preset=orig,160
232,https://letsgogb.com/upload/images/81f4c7359c594b17b15a0affebbfb797.jpg,194
233,https://www.chungnam.go.kr/static/cnpark/img/sub3/03_02_01.jpg,117
234,https://devin.aks.ac.kr/image/49284d4b-3587-4046-992c-3e5014b209ca?preset=orig,117
235,https://devin.aks.ac.kr/image/edf48bf2-e2b2-426e-bbfd-425f6bb605fa?preset=orig,117
